model_key,full_n_test,full_test_mean,full_all_mean,cars_n_test_subrel,cars_test_mean_subrel,cars_all_mean_subrel,sw_n_test_subrel,sw_test_mean_subrel,sw_all_mean_subrel,cars_n_test_in_full,cars_test_mean_in_full,sw_n_test_in_full,sw_test_mean_in_full
gemma_7b_it,131,0.6284697602950889,0.6231494778874277,20,0.6110606357455254,0.6091596933154316,85,0.6715651999501621,0.6829043067662062,17,0.46791115403175354,87,0.6825924388978674
llama3_1_8b_instruct,131,0.6710379332986497,0.665636598036207,20,0.6370967119932175,0.6180619063315453,85,0.7388855317059685,0.7447409214874988,17,0.44736558023621054,87,0.7414846745715744
mistral_7b_instruct,131,0.632064506980299,0.6186449947656343,20,0.5407457411289215,0.5341259670722021,85,0.7104112870552961,0.7105739597549833,17,0.3571274227955762,87,0.7108475870784672
qwen2_5_7b_instruct,131,0.5549840153628633,0.5444675629166351,20,0.48778258711099626,0.48295865004712885,85,0.6055307588156532,0.608667739548866,17,0.36341941181351156,87,0.6116910617927025
