model_key,pearson_r,pearson_p,spearman_rho,spearman_p,n_relations
gemma_7b_it,-0.6214121642588585,0.5731185368727455,-0.5,0.6666666666666667,3
llama3_1_8b_instruct,0.9502114584935758,0.04978854150642409,0.316227766016838,0.683772233983162,4
mistral_7b_instruct,0.16541396831454164,0.7903528267166834,0.3,0.6238376647810728,5
qwen2_5_7b_instruct,0.9034889828865469,0.03546582606744005,0.9999999999999999,1.4042654220543672e-24,5
