model_name,task,total,refusal,hallucination,other,refusal_rate,refusal_ci_low,refusal_ci_high,halluc_rate,halluc_ci_low,halluc_ci_high
gemma_7b_it_relpanel,company_ceo,1000,934,66,0,0.934,0.9168903772338006,0.9477878747932127,0.066,0.052212125206787474,0.08310962276619951
gemma_7b_it_relpanel,company_hq,1000,2,998,0,0.002,0.000548632102457155,0.007262958889587807,0.998,0.9927370411104123,0.9994513678975429
gemma_7b_it_relpanel,country_language,1000,116,884,0,0.116,0.09760536523654693,0.13733369287780103,0.884,0.862666307122199,0.9023946347634532
gemma_7b_it_relpanel,sport,1000,338,662,0,0.338,0.30935093183582213,0.36788898330616854,0.662,0.6321110166938316,0.690649068164178
