model_name,task,total,refusal,hallucination,other,refusal_rate,refusal_ci_low,refusal_ci_high,halluc_rate,halluc_ci_low,halluc_ci_high
llama3_1_8b_instruct_relpanel,company_ceo,1000,778,222,0,0.778,0.7512048483761805,0.8026673960097864,0.222,0.19733260399021366,0.24879515162381952
llama3_1_8b_instruct_relpanel,company_hq,1000,39,961,0,0.039,0.028658799196088068,0.052869601300564,0.961,0.9471303986994359,0.971341200803912
llama3_1_8b_instruct_relpanel,country_language,1000,1,999,0,0.001,0.00017654182905727173,0.00564270296016047,0.999,0.9943572970398398,0.9998234581709429
llama3_1_8b_instruct_relpanel,sport,1000,34,966,0,0.034,0.024431201022401965,0.047135468460114016,0.966,0.952864531539886,0.9755687989775981
