model_name,task,total,refusal,hallucination,other,refusal_rate,refusal_ci_low,refusal_ci_high,halluc_rate,halluc_ci_low,halluc_ci_high
mistral_7b_instruct_relpanel,company_ceo,1000,819,181,0,0.819,0.7939299861359917,0.8416284525658911,0.181,0.15837154743410886,0.2060700138640083
mistral_7b_instruct_relpanel,company_hq,1000,0,1000,0,0.0,0.0,0.0038268985863905225,1.0,0.9961731014136095,1.0
mistral_7b_instruct_relpanel,country_language,1000,10,990,0,0.01,0.005440695309270557,0.01830966530539216,0.99,0.981690334694608,0.9945593046907295
mistral_7b_instruct_relpanel,sport,1000,66,934,0,0.066,0.052212125206787474,0.08310962276619951,0.934,0.9168903772338006,0.9477878747932127
