model_name,task,total,refusal,hallucination,other,refusal_rate,refusal_ci_low,refusal_ci_high,halluc_rate,halluc_ci_low,halluc_ci_high
qwen2_5_7b_instruct_relpanel,company_ceo,1000,764,236,0,0.764,0.7367023285873138,0.789277068959072,0.236,0.210722931040928,0.2632976714126862
qwen2_5_7b_instruct_relpanel,company_hq,1000,29,971,0,0.029,0.020266315636487786,0.041338622831892095,0.971,0.958661377168108,0.9797336843635122
qwen2_5_7b_instruct_relpanel,country_language,1000,24,976,0,0.024,0.016180052367186296,0.03546315508705749,0.976,0.9645368449129426,0.9838199476328138
qwen2_5_7b_instruct_relpanel,sport,1000,94,906,0,0.094,0.07743389633418887,0.11367354531796026,0.906,0.8863264546820399,0.9225661036658112
