task,n,refusal_count,refusal_rate,refusal_ci_low,refusal_ci_high,hallucination_count,hallucination_rate,hallucination_ci_low,hallucination_ci_high
father,1009,713,0.7066402378592666,0.677805086187989,0.7339078608315648,296,0.2933597621407334,0.2660921391684352,0.32219491381201115
instrument,993,29,0.02920443101711984,0.02040970945845747,0.041627829905870835,964,0.9707955689828801,0.9583721700941292,0.9795902905415426
