model_key,n_rel,r,p_two
gemma_7b_it,15,-0.9208225722746537,1.124499928875257e-06
llama3_1_8b_instruct,15,-0.9029402393550399,4.042280528711246e-06
mistral_7b_instruct,15,-0.8851804601645716,1.1528887726959473e-05
qwen2_5_7b_instruct,15,-0.8653543661914249,3.089221427381813e-05
POOLED_FE,60,-0.8779075135213581,3.336631574177235e-20
