model_name,task,total,refusal,hallucination,other,refusal_rate,refusal_ci_low,refusal_ci_high,halluc_rate,halluc_ci_low,halluc_ci_high
llama3_8b_instruct_ctpt,father,1000,589,411,0,0.589,0.5582204870707944,0.6190983249808281,0.411,0.3809016750191719,0.44177951292920564
llama3_8b_instruct_ctpt,instrument,1000,37,963,0,0.037,0.02696102468045289,0.05058268341054474,0.963,0.9494173165894553,0.9730389753195472
