model_name,task,total,refusal,hallucination,other,refusal_rate,refusal_ci_low,refusal_ci_high,halluc_rate,halluc_ci_low,halluc_ci_high
llama3_8b_instruct_baseline,father,1000,527,473,0,0.527,0.49601066535500904,0.557782682121326,0.473,0.4422173178786741,0.5039893346449911
llama3_8b_instruct_baseline,instrument,1000,30,970,0,0.03,0.021093603189697094,0.04250368148151,0.97,0.95749631851849,0.978906396810303
