model_key,model_pretty,n,r,loo_r_min,loo_r_max,p_t_one,p_t_two,p_perm_one,p_perm_two,perm_mode,n_perm,r_weighted
gemma_7b_it,Gemma-7B-IT,6,0.781907540734924,0.7141699872796651,0.869211591349674,0.03307988566771891,0.06615977133543782,0.0375,0.07083333333333333,exact,720,0.8111301811796445
llama3_1_8b_instruct,Llama-3.1-8B-Instruct,6,0.8166088501685647,0.7551157429153758,0.9233296695108809,0.023682268200880263,0.047364536401760526,0.03333333333333333,0.06388888888888888,exact,720,0.923513169093994
mistral_7b_instruct,Mistral-7B-Instruct,6,0.7986259110126969,0.6919037842888598,0.9135076169189839,0.02837213625028745,0.0567442725005749,0.04722222222222222,0.08888888888888889,exact,720,0.8997074757077513
qwen2_5_7b_instruct,Qwen2.5-7B-Instruct,6,0.8092853800647085,0.7543471439546267,0.9007587488201514,0.025544878494677792,0.051089756989355584,0.0375,0.08611111111111111,exact,720,0.8679534549685721
