model_key,n_rel,r,p_two
gemma_7b_it,28,-0.8140820213247932,1.3669157086343896e-07
llama3_1_8b_instruct,28,-0.8818002274046226,5.676014063090098e-10
mistral_7b_instruct,28,-0.7586108204593773,2.8972223401814757e-06
qwen2_5_7b_instruct,28,-0.8564435876873276,6.113084183179731e-09
