model_key,n_rel,r_deltacos_vs_y,p_deltacos_vs_y,r_deltacos_vs_density,p_deltacos_vs_density,r_density_vs_y,p_density_vs_y,partial_r_deltacos_vs_y_given_density,p_partial,n_points
gemma_7b_it,28,0.4935914791556218,0.0088852353712154,-0.8140820213247932,1.3669157086343896e-07,-0.30060310010291647,0.12761974396661857,0.4489005198684577,0.021428239965244344,
llama3_1_8b_instruct,28,-0.04597836388107866,0.8198594134703416,-0.8818002274046226,5.676014063090098e-10,0.09747411703941938,0.6286140920613678,0.08364064717735856,0.6845784949309333,
mistral_7b_instruct,28,-0.11047871027036439,0.5757092049086592,-0.7586108204593773,2.8972223401814757e-06,0.2650340297362316,0.1728795055993206,0.14417796792911297,0.4730761256080793,
qwen2_5_7b_instruct,28,-0.17577041861650644,0.4006672671793293,-0.8564435876873278,6.113084183179731e-09,0.22832813269258892,0.2723030851113555,0.03487935600487997,0.8714632129281363,
POOLED_FE,28,,,,,,,0.26284214361020675,0.0064873268780445414,107.0
