model_key,n_rel,r_deltacos_vs_y,p_deltacos_vs_y,r_deltacos_vs_density,p_deltacos_vs_density,r_density_vs_y,p_density_vs_y,partial_r_deltacos_vs_y_given_density,p_partial,n_points
gemma_7b_it,28,-0.48176056999589056,0.009435859996010423,-0.8140820213247932,1.3669157086343896e-07,0.23573870267069835,0.22718175185159764,-0.513570167565919,0.006145460796562974,
llama3_1_8b_instruct,28,-0.5679321632790628,0.0016187577443129086,-0.8818002274046226,5.676014063090098e-10,0.41487830215334587,0.028145168863720968,-0.47094720018249936,0.013159609940161854,
mistral_7b_instruct,28,-0.501011936151046,0.006612773726468297,-0.7586108204593773,2.8972223401814757e-06,0.25855945849496925,0.184008585666509,-0.4843843400182617,0.010456175104718524,
qwen2_5_7b_instruct,28,-0.5007823006693097,0.006641666089003051,-0.8564435876873278,6.113084183179731e-09,0.40668126965066187,0.03174160660679071,-0.32331556663740757,0.09996437514684287,
POOLED_FE,28,,,,,,,-0.40100394179924737,1.2916953876729309e-05,112.0
