task,n,refusal_count,refusal_rate,refusal_ci_low,refusal_ci_high,hallucination_count,hallucination_rate,hallucination_ci_low,hallucination_ci_high
father,1009,638,0.6323092170465807,0.6021075881456139,0.6615071764928053,371,0.3676907829534192,0.3384928235071948,0.39789241185438606
instrument,993,17,0.017119838872104734,0.010715796313993128,0.027245701280007764,976,0.9828801611278952,0.9727542987199923,0.9892842036860069
