model_name,model_id,relation,num_layers,subject_layer,object_layer,n_total,n_train,n_test,cos_mean,cos_std,base_cos_mean,base_cos_std,cos_improvement,mse
qwen2_5_7b_instruct,Qwen/Qwen2.5-7B-Instruct,father,28,14,26,991.0,743.0,248.0,0.845703125,0.09033203125,0.341796875,0.057159423828125,0.50390625,11.984375
qwen2_5_7b_instruct,Qwen/Qwen2.5-7B-Instruct,instrument,28,14,26,513.0,384.0,129.0,0.92529296875,0.0211334228515625,0.316162109375,0.04388427734375,0.609375,7.69140625
qwen2_5_7b_instruct,Qwen/Qwen2.5-7B-Instruct,sport,28,14,26,318.0,238.0,80.0,0.93994140625,0.015045166015625,0.3076171875,0.036407470703125,0.63232421875,5.95703125
qwen2_5_7b_instruct,Qwen/Qwen2.5-7B-Instruct,company_ceo,28,14,26,298.0,223.0,75.0,-0.00846099853515625,0.1373291015625,0.309326171875,0.0489501953125,-0.31787109375,inf
qwen2_5_7b_instruct,Qwen/Qwen2.5-7B-Instruct,company_hq,28,14,26,674.0,505.0,169.0,0.88037109375,0.04443359375,0.308349609375,0.050384521484375,0.572265625,11.2578125
qwen2_5_7b_instruct,Qwen/Qwen2.5-7B-Instruct,country_language,28,14,26,24.0,18.0,6.0,0.94873046875,0.0114593505859375,0.4072265625,0.0382080078125,0.54150390625,4.984375
