model_name,model_id,relation,num_layers,subject_layer,object_layer,n_total,n_train,n_test,cos_mean,cos_std,base_cos_mean,base_cos_std,cos_improvement,mse
llama3_1_8b_instruct,meta-llama/Meta-Llama-3.1-8B-Instruct,father,32,16,30,991.0,743.0,248.0,0.84619140625,0.0849609375,0.2130126953125,0.043975830078125,0.63330078125,0.14794921875
llama3_1_8b_instruct,meta-llama/Meta-Llama-3.1-8B-Instruct,instrument,32,16,30,513.0,384.0,129.0,0.888671875,0.025665283203125,0.1507568359375,0.027435302734375,0.73779296875,0.12548828125
llama3_1_8b_instruct,meta-llama/Meta-Llama-3.1-8B-Instruct,sport,32,16,30,318.0,238.0,80.0,0.904296875,0.0223388671875,0.147705078125,0.0187835693359375,0.7568359375,0.10589599609375
llama3_1_8b_instruct,meta-llama/Meta-Llama-3.1-8B-Instruct,company_ceo,32,16,30,298.0,223.0,75.0,0.86328125,0.05645751953125,0.1456298828125,0.0289459228515625,0.7177734375,0.1322021484375
llama3_1_8b_instruct,meta-llama/Meta-Llama-3.1-8B-Instruct,company_hq,32,16,30,674.0,505.0,169.0,0.84375,0.05230712890625,0.131591796875,0.02838134765625,0.7119140625,0.15771484375
llama3_1_8b_instruct,meta-llama/Meta-Llama-3.1-8B-Instruct,country_language,32,16,30,24.0,18.0,6.0,0.92578125,0.01410675048828125,0.1630859375,0.023956298828125,0.7626953125,0.0802001953125
