model_name,task,total,refusal,hallucination,other,refusal_rate,refusal_ci_low,refusal_ci_high,halluc_rate,halluc_ci_low,halluc_ci_high
llama3_1_8b_instruct_baseline,father,1000,336,664,0,0.336,0.3074010775632927,0.3658541451730435,0.664,0.6341458548269566,0.6925989224367074
llama3_1_8b_instruct_baseline,instrument,1000,95,905,0,0.095,0.0783449556647148,0.11475483219026153,0.905,0.8852451678097385,0.9216550443352852
