model_name,pearson_r_full,pearson_p_full,spearman_rho_full,spearman_p_full,n_rel_used,pearson_r_clean,pearson_p_clean,spearman_rho_clean,spearman_p_clean,mean_clean_prompts_per_relation,min_clean_prompts_per_relation
gemma_7b_it,0.5965816934256545,0.018893452086738385,0.5821428571428571,0.022793687126414258,15,0.5970692831630837,0.018771342198223327,0.5821428571428571,0.022793687126414258,199.53333333333333,196
llama3_1_8b_instruct,0.6429214533850546,0.009730281704165874,0.7741985213512662,0.0007042931140147824,15,0.6428912992121332,0.009734811592858515,0.7741985213512662,0.0007042931140147824,199.53333333333333,196
mistral_7b_instruct,0.8116361974128059,0.00023888974406073387,0.831099527576603,0.0001235905054837271,15,0.810897658209146,0.0002445784620693469,0.8357142857142855,0.00010444687327713345,199.53333333333333,196
qwen2_5_7b_instruct,0.5953037196408375,0.01921639324383443,0.7795748999717611,0.0006106963725141159,15,0.5937260249534924,0.019620888413631698,0.7795748999717611,0.0006106963725141159,199.53333333333333,196
