model_key,n_rel,pearson_affine_vs_acc_answered,pearson_p,spearman_affine_vs_acc_answered,spearman_p
gemma_7b_it,21,0.6408485529785163,0.0017471002351048025,0.638961038961039,0.0018207240803378836
llama3_1_8b_instruct,21,0.5761829129273033,0.0062622340293608195,0.5896103896103897,0.004908349532622717
mistral_7b_instruct,21,0.629476027607857,0.0022314804556137708,0.6157843780439968,0.0029596747425846754
qwen2_5_7b_instruct,21,0.5406678946410353,0.01138658505010599,0.7658331030737047,5.1954121013685554e-05
