model_key,n_rel,pearson_affine_vs_hall,pearson_p,spearman_affine_vs_hall,spearman_p
gemma_7b_it,15,0.7056612276216282,0.003288893506900531,0.5392857142857141,0.03802165626355803
llama3_1_8b_instruct,15,0.2836472692035421,0.30560102259685407,0.5340536096358272,0.04030124569228937
mistral_7b_instruct,15,0.8436971748708173,7.710835183737398e-05,0.8357142857142855,0.00010444687327713341
qwen2_5_7b_instruct,15,0.48557884436869236,0.06651336731721404,0.5770646385997864,0.024301840123136808
