model_key,n_rel,pearson_trans_vs_affine,pearson_p,spearman_trans_vs_affine,spearman_p
gemma_7b_it,21,0.9626507582187223,3.093472023653747e-12,0.8688311688311688,3.241352039846436e-07
llama3_1_8b_instruct,21,0.7353893190714984,0.00014560930469271116,0.7883116883116883,2.1908919304486022e-05
mistral_7b_instruct,21,0.9626114418777048,3.124066696978267e-12,0.9558441558441559,1.477719717191997e-11
qwen2_5_7b_instruct,21,0.46286967088928893,0.03460296214587731,0.6246753246753247,0.002467394475033326
