metric,model_key,n_rel,r,p_two
hall_rate_answered,gemma_7b_it,21,-0.5395705346906107,0.011587334116738129
hall_rate_answered,llama3_1_8b_instruct,21,-0.7334040372536326,0.0001549896169471417
hall_rate_answered,mistral_7b_instruct,21,-0.5851760184905113,0.005325582350123624
hall_rate_answered,qwen2_5_7b_instruct,21,-0.6188597771088276,0.002780861521692825
hall_rate_unknown,gemma_7b_it,21,0.5979343839596211,0.004198221613594479
hall_rate_unknown,llama3_1_8b_instruct,21,-0.09391408880220414,0.6855417879521363
hall_rate_unknown,mistral_7b_instruct,21,-0.08948282123325109,0.6996982950477879
hall_rate_unknown,qwen2_5_7b_instruct,21,-0.16040601371482388,0.5118274826508832
