task,n,refusal_count,refusal_rate,refusal_ci_low,refusal_ci_high,hallucination_count,hallucination_rate,hallucination_ci_low,hallucination_ci_high
father,1000,580,0.58,0.5491598306141976,0.61022786561198,420,0.42,0.3897721343880201,0.45084016938580246
instrument,1000,2,0.002,0.000548632102457155,0.007262958889587807,998,0.998,0.9927370411104123,0.9994513678975429
