task,n,refusal_count,refusal_rate,refusal_ci_low,refusal_ci_high,hallucination_count,hallucination_rate,hallucination_ci_low,hallucination_ci_high
father,1000,658,0.658,0.6280430834689386,0.6867476165777622,342,0.342,0.313252383422238,0.3719569165310615
instrument,1000,3,0.003,0.0010207654054443255,0.008783171789427854,997,0.997,0.9912168282105721,0.9989792345945557
