model_name,model_id,relation,num_layers,subject_layer,object_layer,n_total,n_train,n_test,cos_mean,cos_std,base_cos_mean,base_cos_std,cos_improvement,mse
llama3_1_8b_instruct,meta-llama/Meta-Llama-3.1-8B-Instruct,father,32,16,30,64.0,48.0,16.0,0.90576171875,0.0127410888671875,0.1590576171875,0.02471923828125,0.74658203125,0.09564208984375
llama3_1_8b_instruct,meta-llama/Meta-Llama-3.1-8B-Instruct,instrument,32,16,30,64.0,48.0,16.0,0.90869140625,0.0263519287109375,0.0965576171875,0.0183563232421875,0.81201171875,0.10150146484375
llama3_1_8b_instruct,meta-llama/Meta-Llama-3.1-8B-Instruct,sport,32,16,30,64.0,48.0,16.0,0.87548828125,0.0229644775390625,0.09783935546875,0.0233612060546875,0.77783203125,0.12939453125
llama3_1_8b_instruct,meta-llama/Meta-Llama-3.1-8B-Instruct,company_ceo,32,16,30,64.0,48.0,16.0,0.853515625,0.06317138671875,0.1695556640625,0.0287628173828125,0.68408203125,0.1290283203125
