model_key,n_overlap_fig2,pearson_vs_fig2,spearman_vs_fig2,mean_abs_diff,base_dir
gemma_7b_it,28,0.9999999807235932,0.9999999999999998,1.9945204257963106e-05,runs/experiments/step5_all47_translation_plain_20260425_181356/gemma_7b_it
llama3_1_8b_instruct,28,0.4639556080358794,0.5424192665571976,0.0914960503578186,runs/experiments/step5_all47_translation_plain_20260425_181356/llama3_1_8b_instruct
mistral_7b_instruct,28,0.9999999620338791,0.9999999999999998,3.1664967536922305e-05,runs/experiments/step5_all47_translation_plain_20260425_181356/mistral_7b_instruct
qwen2_5_7b_instruct,28,0.9999998484155164,0.9999999999999998,3.343181950705194e-05,runs/experiments/step5_all47_translation_plain_20260425_181356/qwen2_5_7b_instruct
