model_key,n_overlap_fig2,pearson_vs_fig2,spearman_vs_fig2,mean_abs_diff,base_dir
gemma_7b_it,28,0.9708367746908809,0.9107827038861521,0.029108770191669468,runs/experiments/step5_all47_translation_chat_20260425_182152/gemma_7b_it
llama3_1_8b_instruct,28,0.648025527949948,0.768472906403941,0.09858962999922889,runs/experiments/step5_all47_translation_chat_20260425_182152/llama3_1_8b_instruct
mistral_7b_instruct,28,0.9718456403217565,0.9698960043787629,0.03035700853381838,runs/experiments/step5_all47_translation_chat_20260425_182152/mistral_7b_instruct
qwen2_5_7b_instruct,28,0.8538894425691869,0.8429118773946359,0.03804408013820648,runs/experiments/step5_all47_translation_chat_20260425_182152/qwen2_5_7b_instruct
