threshold,mean_p16
11,0.20066579186723504
9,0.20375882368674564
10,0.20996057653873285
12,0.21200095940183555
31,0.2147876695520204
30,0.2147876695520204
32,0.2147876695520204
29,0.2147876695520204
28,0.2147876695520204
26,0.2147876695520204
