metric,model_key,n_rel,r,p_two
hall_rate_answered,gemma_7b_it,28,-0.48176056999589056,0.009435859996010423
hall_rate_answered,llama3_1_8b_instruct,28,-0.5679321632790628,0.0016187577443129086
hall_rate_answered,mistral_7b_instruct,28,-0.501011936151046,0.006612773726468297
hall_rate_answered,qwen2_5_7b_instruct,28,-0.5007823006693097,0.006641666089003051
hall_rate_unknown,gemma_7b_it,28,0.4935914791556218,0.0088852353712154
hall_rate_unknown,llama3_1_8b_instruct,28,-0.04597836388107866,0.8198594134703416
hall_rate_unknown,mistral_7b_instruct,28,-0.11047871027036439,0.5757092049086592
hall_rate_unknown,qwen2_5_7b_instruct,28,-0.17577041861650644,0.4006672671793293
