model_key,model_pretty,n,r,loo_r_min,loo_r_max,p_t_one,p_t_two,p_perm_one,p_perm_two,perm_mode,n_perm,r_weighted
gemma_7b_it,Gemma-7B-IT,15,0.5965816934256543,0.5060873130115187,0.7436957786002827,0.009446726043369269,0.018893452086738538,0.01241,0.02176,mc,200000,0.6631850277081573
llama3_1_8b_instruct,Llama-3.1-8B-Instruct,15,0.6429214533850547,0.601787103630384,0.6947896405228737,0.004865140852083005,0.00973028170416601,0.00076,0.00883,mc,200000,0.642918570017487
mistral_7b_instruct,Mistral-7B-Instruct,15,0.8116361974128058,0.7860311068390512,0.847353156335143,0.0001194448720303054,0.0002388897440606108,0.00025,0.000445,mc,200000,0.8321506217955146
qwen2_5_7b_instruct,Qwen2.5-7B-Instruct,15,0.5953037196408373,0.5585247855686739,0.649010940665375,0.009608196621917253,0.019216393243834506,0.006885,0.01364,mc,200000,0.61391396802659
