model_name,task,total,refusal,hallucination,other,refusal_rate,refusal_ci_low,refusal_ci_high,halluc_rate,halluc_ci_low,halluc_ci_high
gemma_7b_it_relpanel,company_ceo,1000,947,53,0,0.947,0.9313250610861062,0.9592536915776607,0.053,0.040746308422339304,0.06867493891389383
gemma_7b_it_relpanel,company_hq,1000,97,903,0,0.097,0.08016887955855043,0.11691560070208037,0.903,0.8830843992979197,0.9198311204414497
gemma_7b_it_relpanel,country_language,1000,748,252,0,0.748,0.7201761117294745,0.7739257465716758,0.252,0.22607425342832418,0.2798238882705255
gemma_7b_it_relpanel,sport,1000,330,670,0,0.33,0.3015550314798513,0.3597461140395216,0.67,0.6402538859604785,0.6984449685201488
