model_name,task,total,refusal,hallucination,other,refusal_rate,refusal_ci_low,refusal_ci_high,halluc_rate,halluc_ci_low,halluc_ci_high
mistral_7b_instruct_relpanel,company_ceo,1000,841,159,0,0.841,0.817035989537914,0.8623540656261677,0.159,0.13764593437383232,0.18296401046208605
mistral_7b_instruct_relpanel,company_hq,1000,19,981,0,0.019,0.012196787737404145,0.029484688702703543,0.981,0.9705153112972965,0.9878032122625958
mistral_7b_instruct_relpanel,country_language,1000,58,942,0,0.058,0.045133070071593756,0.07424990827877548,0.942,0.9257500917212245,0.9548669299284063
mistral_7b_instruct_relpanel,sport,1000,75,925,0,0.075,0.0602515618187045,0.09300130197972745,0.925,0.9069986980202727,0.9397484381812955
