model_name,model_id,relation,num_layers,subject_layer,object_layer,n_total,n_train,n_test,cos_mean,cos_std,base_cos_mean,base_cos_std,cos_improvement,mse
gemma_7b_it,google/gemma-7b-it,father,28,14,26,991.0,743.0,248.0,0.8291015625,0.093994140625,0.245361328125,0.053192138671875,0.583984375,0.193115234375
gemma_7b_it,google/gemma-7b-it,instrument,28,14,26,513.0,384.0,129.0,0.90625,0.03326416015625,0.145263671875,0.025482177734375,0.7607421875,0.11749267578125
gemma_7b_it,google/gemma-7b-it,sport,28,14,26,318.0,238.0,80.0,0.9111328125,0.01297760009765625,0.1356201171875,0.028350830078125,0.775390625,0.1103515625
gemma_7b_it,google/gemma-7b-it,company_ceo,28,14,26,298.0,223.0,75.0,0.724609375,0.11785888671875,0.1673583984375,0.045989990234375,0.55712890625,0.263427734375
gemma_7b_it,google/gemma-7b-it,company_hq,28,14,26,674.0,505.0,169.0,0.806640625,0.07244873046875,0.1536865234375,0.04022216796875,0.65283203125,0.205322265625
gemma_7b_it,google/gemma-7b-it,country_language,28,14,26,24.0,18.0,6.0,0.9052734375,0.018768310546875,0.1927490234375,0.03765869140625,0.71240234375,0.10760498046875
