model_name,model_id,relation,num_layers,subject_layer,object_layer,n_total,n_train,n_test,cos_mean,cos_std,base_cos_mean,base_cos_std,cos_improvement,mse
mistral_7b_instruct,mistralai/Mistral-7B-Instruct-v0.3,father,32,16,30,991.0,743.0,248.0,0.80517578125,0.12274169921875,0.2052001953125,0.0489501953125,0.60009765625,0.060699462890625
mistral_7b_instruct,mistralai/Mistral-7B-Instruct-v0.3,instrument,32,16,30,513.0,384.0,129.0,0.869140625,0.043914794921875,0.1611328125,0.02459716796875,0.7080078125,0.059539794921875
mistral_7b_instruct,mistralai/Mistral-7B-Instruct-v0.3,sport,32,16,30,318.0,238.0,80.0,0.916015625,0.0311126708984375,0.1395263671875,0.0190887451171875,0.7763671875,0.042327880859375
mistral_7b_instruct,mistralai/Mistral-7B-Instruct-v0.3,company_ceo,32,16,30,298.0,223.0,75.0,0.8505859375,0.08172607421875,0.1630859375,0.0277862548828125,0.6875,0.051727294921875
mistral_7b_instruct,mistralai/Mistral-7B-Instruct-v0.3,company_hq,32,16,30,674.0,505.0,169.0,0.81689453125,0.0740966796875,0.1429443359375,0.0306243896484375,0.673828125,0.06842041015625
mistral_7b_instruct,mistralai/Mistral-7B-Instruct-v0.3,country_language,32,16,30,24.0,18.0,6.0,0.89794921875,0.061309814453125,0.1895751953125,0.022186279296875,0.70849609375,0.041748046875
