model_name,model_id,relation,num_layers,subject_layer,object_layer,n_total,n_train,n_test,cos_mean,cos_std,base_cos_mean,base_cos_std,cos_improvement,mse
gemma_7b_it_natural,google/gemma-7b-it,father,28,14,26,991.0,743.0,248.0,0.8291015625,0.093994140625,0.245361328125,0.053192138671875,0.583984375,0.193115234375
gemma_7b_it_natural,google/gemma-7b-it,mother,28,14,26,994.0,745.0,249.0,0.748046875,0.12164306640625,0.2012939453125,0.04840087890625,0.546875,0.26806640625
gemma_7b_it_natural,google/gemma-7b-it,instrument,28,14,26,513.0,384.0,129.0,0.90625,0.03326416015625,0.145263671875,0.025482177734375,0.7607421875,0.11749267578125
gemma_7b_it_natural,google/gemma-7b-it,sport,28,14,26,318.0,238.0,80.0,0.9111328125,0.01297760009765625,0.1356201171875,0.028350830078125,0.775390625,0.1103515625
gemma_7b_it_natural,google/gemma-7b-it,company_ceo,28,14,26,298.0,223.0,75.0,0.724609375,0.11785888671875,0.1673583984375,0.045989990234375,0.55712890625,0.263427734375
