metric,model_key,n_rel,r,p_two
hall_rate_given_value,gemma_7b_it,27,-0.463296339416677,0.014942040575065669
hall_rate_given_value,llama3_1_8b_instruct,27,-0.5590883248626543,0.0024326385583500324
hall_rate_given_value,mistral_7b_instruct,27,-0.5039685332001775,0.007356579755851961
hall_rate_given_value,qwen2_5_7b_instruct,27,-0.4942311056173788,0.008783882103230575
hall_rate_given_value,POOLED_FE,108,-0.48561350284945703,9.980207559732821e-08
