base_spec,plus_spec,adj_r2_base,adj_r2_plus,adj_r2_gain,delta_cos_coef,delta_cos_p_hc3
FE + Top1,FE + Top1 + Δcos,0.3487182635387932,0.6394281874751462,0.290709923936353,1.8697613246243312,9.042033367999064e-11
FE + Entropy,FE + Entropy + Δcos,0.35808309641602976,0.6367597416856502,0.27867664526962044,1.8444808003507478,2.2853813241930432e-10
