model_key,model_pretty,n,r,loo_r_min,loo_r_max,p_t_one,p_t_two,p_perm_one,p_perm_two,perm_mode,n_perm,r_weighted
gemma_7b_it,Gemma-7B-IT,21,0.47711384176199473,0.3646769262839431,0.597705568509519,0.014370238883426922,0.028740477766853845,0.01756,0.02856,mc,200000,0.5852373802439219
llama3_1_8b_instruct,Llama-3.1-8B-Instruct,21,0.5626918906656708,0.5191169929353655,0.6785432990666584,0.003959565916710206,0.007919131833420412,0.002565,0.008595,mc,200000,0.6854513994203094
mistral_7b_instruct,Mistral-7B-Instruct,21,0.4291947640422497,0.35108095601413775,0.5135940853759491,0.02609569221417063,0.05219138442834126,0.02639,0.05347,mc,200000,0.7471796265476128
qwen2_5_7b_instruct,Qwen2.5-7B-Instruct,21,0.40606771909827083,0.3143773779308836,0.5602475315597822,0.03388678805421108,0.06777357610842216,0.03831,0.06806,mc,200000,0.5817832418824843
