model_key,metric,n_rel,pearson_r,pearson_p_two,spearman_rho,spearman_p_two,perm_p_one,perm_p_two,r_weighted,slope,intercept
gemma_7b_it,answered,21,-0.5399251889805785,0.01152214175753307,-0.5376623376623377,0.011943270626361557,0.9943,0.0132,-0.1646408419081754,-0.9449176493473106,1.109058039929869
gemma_7b_it,unknown,21,0.5594372983830753,0.008368510381912006,0.3394682679677363,0.13219464091759195,0.0069,0.0069,0.8479490088652794,1.1246834842016111,0.11392313049799348
llama3_1_8b_instruct,answered,21,-0.733717396194361,0.00015347530473052397,-0.7441558441558441,0.00010979854693235139,0.9999,0.0003,-0.7868918854612715,-1.3585132050408102,1.2537702591964317
llama3_1_8b_instruct,unknown,21,-0.09295816893785669,0.6885872757197864,0.015875738283785062,0.9455461046921374,0.6276,0.7081,-0.36057224695750434,-0.08240485371727674,0.9900007327944561
mistral_7b_instruct,answered,21,-0.5848687252744612,0.005355551129061095,-0.5547255895037692,0.009055958159065961,0.9967,0.0063,-0.7062427817977497,-0.8782466264669333,0.9118050672759345
mistral_7b_instruct,unknown,21,-0.088991603653202,0.7012736005194127,0.04421330136187546,0.8490766098276583,0.6396,0.7045,0.1570850150096496,-0.05912483884130174,0.9404110224705838
qwen2_5_7b_instruct,answered,21,-0.6186868658607256,0.0027906692338218525,-0.5878532300947436,0.00507031407071055,0.9983,0.0046,-0.6313921067589939,-2.186217303719275,1.6075130615243647
qwen2_5_7b_instruct,unknown,21,-0.16027410642889914,0.5121792177326553,0.07196526355411087,0.7696958199157337,0.619,0.6735,-0.0418750703499058,-0.33429491288387064,1.1244903266956319
