model_key,n_rel,pearson_r_accuracy,pearson_p_accuracy
gemma_7b_it,28,0.4817605699958907,0.009435859996010385
llama3_1_8b_instruct,28,0.5679321632790628,0.0016187577443129086
mistral_7b_instruct,28,0.501011936151046,0.006612773726468297
qwen2_5_7b_instruct,28,0.5007823006693097,0.006641666089003051
