task,n,refusal_count,refusal_rate,refusal_ci_low,refusal_ci_high,hallucination_count,hallucination_rate,hallucination_ci_low,hallucination_ci_high
father,1009,691,0.6848364717542121,0.6555149174574079,0.7127558960636798,318,0.3151635282457879,0.28724410393632027,0.34448508254259225
instrument,993,31,0.03121852970795569,0.022079014280157416,0.04397119871255878,962,0.9687814702920443,0.9560288012874413,0.9779209857198427
