model_name,task,total,refusal,hallucination,other,refusal_rate,refusal_ci_low,refusal_ci_high,halluc_rate,halluc_ci_low,halluc_ci_high
llama3_1_8b_instruct_relpanel,company_ceo,1000,797,203,0,0.797,0.7709545857064829,0.8207722365332012,0.203,0.17922776346679883,0.22904541429351719
llama3_1_8b_instruct_relpanel,company_hq,1000,0,1000,0,0.0,0.0,0.0038268985863905225,1.0,0.9961731014136095,1.0
llama3_1_8b_instruct_relpanel,country_language,1000,278,722,0,0.278,0.251121579341487,0.30657756363087046,0.722,0.6934224363691295,0.7488784206585131
llama3_1_8b_instruct_relpanel,sport,1000,46,954,0,0.046,0.03466231280457309,0.06081251111186951,0.954,0.9391874888881304,0.9653376871954269
