model_name,task,total,refusal,hallucination,other,refusal_rate,refusal_ci_low,refusal_ci_high,halluc_rate,halluc_ci_low,halluc_ci_high
qwen2_5_7b_instruct_relpanel,company_ceo,1000,795,205,0,0.795,0.7688717990970235,0.8188703307370062,0.205,0.18112966926299381,0.23112820090297662
qwen2_5_7b_instruct_relpanel,company_hq,1000,45,955,0,0.045,0.033799334842846314,0.05968314287076907,0.955,0.940316857129231,0.9662006651571536
qwen2_5_7b_instruct_relpanel,country_language,1000,856,144,0,0.856,0.8328758480857206,0.8763994001207693,0.144,0.12360059987923061,0.16712415191427943
qwen2_5_7b_instruct_relpanel,sport,1000,96,904,0,0.096,0.0792566195200465,0.11583551453775706,0.904,0.884164485462243,0.9207433804799536
