model_name,pearson_r,pearson_p,spearman_rho,spearman_p,r_weighted_by_lre_n,n_relations
gemma_7b_it,0.5965816934256545,0.018893452086738385,0.5821428571428571,0.022793687126414258,0.6631850277081573,15
llama3_1_8b_instruct,0.6429214533850546,0.009730281704165874,0.7741985213512662,0.0007042931140147824,0.6429185700174871,15
mistral_7b_instruct,0.8116361974128059,0.00023888974406073387,0.831099527576603,0.0001235905054837271,0.8321506217955147,15
qwen2_5_7b_instruct,0.5953037196408375,0.01921639324383443,0.7795748999717611,0.0006106963725141159,0.6139139680265899,15
