model_name,model_id,relation,num_layers,subject_layer,object_layer,n_total,n_train,n_test,cos_mean,cos_std,base_cos_mean,base_cos_std,cos_improvement,mse
gemma_7b_it,google/gemma-7b-it,father,28,14,26,991.0,743.0,248.0,0.7812849283218384,0.11125048249959946,0.1767340749502182,0.03843168914318085,0.604550838470459,0.23280063271522522
gemma_7b_it,google/gemma-7b-it,instrument,28,14,26,513.0,384.0,129.0,0.9343382716178894,0.026900164783000946,0.12336006760597229,0.017417846247553825,0.8109781742095947,0.09012439846992493
gemma_7b_it,google/gemma-7b-it,sport,28,14,26,318.0,238.0,80.0,0.9331026077270508,0.014031537808477879,0.14372792840003967,0.01982523873448372,0.7893747091293335,0.08499012142419815
gemma_7b_it,google/gemma-7b-it,company_ceo,28,14,26,298.0,223.0,75.0,0.6114072799682617,0.051929496228694916,0.17113958299160004,0.02882833406329155,0.4402676820755005,0.1703556925058365
gemma_7b_it,google/gemma-7b-it,company_hq,28,14,26,674.0,505.0,169.0,0.8083242177963257,0.07731451094150543,0.1388147622346878,0.027209708467125893,0.6695094704627991,0.20600023865699768
gemma_7b_it,google/gemma-7b-it,country_language,28,14,26,24.0,18.0,6.0,0.9080467224121094,0.022589722648262978,0.1712598204612732,0.032782066613435745,0.7367869019508362,0.12618239223957062
