model_name,model_id,relation,num_layers,subject_layer,object_layer,n_total,n_train,n_test,cos_mean,cos_std,base_cos_mean,base_cos_std,cos_improvement,mse
llama3_1_8b_instruct,meta-llama/Meta-Llama-3.1-8B-Instruct,father,32,16,30,991.0,743.0,248.0,0.6734901070594788,0.08996466547250748,0.16224637627601624,0.030069828033447266,0.5112437009811401,0.20046421885490417
llama3_1_8b_instruct,meta-llama/Meta-Llama-3.1-8B-Instruct,instrument,32,16,30,513.0,384.0,129.0,0.9054374098777771,0.02388289012014866,0.10852381587028503,0.017713090404868126,0.7969136238098145,0.09636873006820679
llama3_1_8b_instruct,meta-llama/Meta-Llama-3.1-8B-Instruct,sport,32,16,30,318.0,238.0,80.0,0.9094946980476379,0.01340392418205738,0.12659500539302826,0.01988370716571808,0.7828996777534485,0.0894901379942894
llama3_1_8b_instruct,meta-llama/Meta-Llama-3.1-8B-Instruct,company_ceo,32,16,30,298.0,223.0,75.0,0.7361354231834412,0.048936255276203156,0.17046749591827393,0.02762923389673233,0.5656679272651672,0.08332019299268723
llama3_1_8b_instruct,meta-llama/Meta-Llama-3.1-8B-Instruct,company_hq,32,16,30,674.0,505.0,169.0,0.8494974374771118,0.053256310522556305,0.1430463045835495,0.023231923580169678,0.7064511179924011,0.13806664943695068
llama3_1_8b_instruct,meta-llama/Meta-Llama-3.1-8B-Instruct,country_language,32,16,30,24.0,18.0,6.0,0.9187452793121338,0.02006571739912033,0.21549975872039795,0.03138743340969086,0.7032455205917358,0.08065349608659744
