model_name,model_id,relation,num_layers,subject_layer,object_layer,n_total,n_train,n_test,cos_mean,cos_std,base_cos_mean,base_cos_std,cos_improvement,mse
mistral_7b_instruct,mistralai/Mistral-7B-Instruct-v0.3,father,32,16,30,991.0,743.0,248.0,0.5515915155410767,0.09300148487091064,0.13852645456790924,0.032819077372550964,0.4130650758743286,0.08843681216239929
mistral_7b_instruct,mistralai/Mistral-7B-Instruct-v0.3,instrument,32,16,30,513.0,384.0,129.0,0.8621261119842529,0.04875342920422554,0.13787537813186646,0.020901663228869438,0.7242507338523865,0.038781218230724335
mistral_7b_instruct,mistralai/Mistral-7B-Instruct-v0.3,sport,32,16,30,318.0,238.0,80.0,0.9149094820022583,0.025440584868192673,0.13457359373569489,0.019570810720324516,0.7803359031677246,0.02591928280889988
mistral_7b_instruct,mistralai/Mistral-7B-Instruct-v0.3,company_ceo,32,16,30,298.0,223.0,75.0,0.6606370806694031,0.05834550783038139,0.19336414337158203,0.027617964893579483,0.46727293729782104,0.03153761476278305
mistral_7b_instruct,mistralai/Mistral-7B-Instruct-v0.3,company_hq,32,16,30,674.0,505.0,169.0,0.7707667350769043,0.0959504172205925,0.15669651329517365,0.030293721705675125,0.6140702366828918,0.05784228816628456
mistral_7b_instruct,mistralai/Mistral-7B-Instruct-v0.3,country_language,32,16,30,24.0,18.0,6.0,0.8922544121742249,0.03986206278204918,0.20186124742031097,0.021604064851999283,0.6903931498527527,0.037726689130067825
