model_name,model_id,relation,num_layers,subject_layer,object_layer,n_total,n_train,n_test,cos_mean,cos_std,base_cos_mean,base_cos_std,cos_improvement,mse
qwen2_5_7b_instruct,Qwen/Qwen2.5-7B-Instruct,father,28,14,26,991.0,743.0,248.0,0.702400267124176,0.11238184571266174,0.311285138130188,0.049007050693035126,0.39111512899398804,21.823522567749023
qwen2_5_7b_instruct,Qwen/Qwen2.5-7B-Instruct,instrument,28,14,26,513.0,384.0,129.0,0.9282584190368652,0.026990588754415512,0.3035911023616791,0.030427537858486176,0.6246672868728638,6.245115756988525
qwen2_5_7b_instruct,Qwen/Qwen2.5-7B-Instruct,sport,28,14,26,318.0,238.0,80.0,0.9254366159439087,0.0196559838950634,0.3079361319541931,0.0332062728703022,0.6175004839897156,5.808859825134277
qwen2_5_7b_instruct,Qwen/Qwen2.5-7B-Instruct,company_ceo,28,14,26,298.0,223.0,75.0,0.8095816373825073,0.04152238741517067,0.3650015890598297,0.03347006440162659,0.4445800483226776,8.228523254394531
qwen2_5_7b_instruct,Qwen/Qwen2.5-7B-Instruct,company_hq,28,14,26,674.0,505.0,169.0,0.8641712069511414,0.056540317833423615,0.34856748580932617,0.030741475522518158,0.5156037211418152,12.476454734802246
qwen2_5_7b_instruct,Qwen/Qwen2.5-7B-Instruct,country_language,28,14,26,24.0,18.0,6.0,0.9514816403388977,0.018437949940562248,0.42078152298927307,0.03599097952246666,0.5307000875473022,4.789844512939453
