model_key,n_rel,pearson_A_vs_B,spearman_A_vs_B,pearson_A_vs_HallValue,pearson_B_vs_HallValue
gemma_7b_it,28,0.9535470576108582,0.9064039408866994,-0.4817605699958905,-0.5803455612561348
llama3_1_8b_instruct,28,0.9218422148160547,0.8845101258894362,-0.5679321632790628,-0.7015106951138566
mistral_7b_instruct,28,0.948168920751851,0.9425287356321838,-0.501011936151046,-0.5886965619072271
qwen2_5_7b_instruct,28,0.5021259212608352,0.6666666666666666,-0.5007823006693096,-0.4494044967049698
