model_name,task,total,refusal,hallucination,other,refusal_rate,refusal_ci_low,refusal_ci_high,halluc_rate,halluc_ci_low,halluc_ci_high
mistral_7b_instruct_baseline,father,1000,779,221,0,0.779,0.7522423161766015,0.8036222744121927,0.221,0.1963777255878074,0.24775768382339855
mistral_7b_instruct_baseline,instrument,1000,49,951,0,0.049,0.03726084730617148,0.06419101521875278,0.951,0.9358089847812472,0.9627391526938285
