model_key,r_val,p_val,r_wrong,p_wrong,r_acc,p_acc,n
gemma_7b_it,0.5857764323264468,0.22183526507212303,-0.5545903631403899,0.253402264859986,0.6749764032334182,0.14129270629847285,6
llama3_1_8b_instruct,0.2865853087770985,0.5818908257792594,-0.5357236426677741,0.27329083085780054,0.5325671309818498,0.2766747118037065,6
mistral_7b_instruct,0.8615618845195909,0.027421076745139123,-0.6851049665998571,0.13312600335100136,0.6963142477347266,0.1243338394561352,6
qwen2_5_7b_instruct,0.8813042699907476,0.020296881623166594,-0.5706931937040335,0.2368949484046284,0.5781980757883023,0.2293524572648145,6
